<tgcScene>
	<name>bar</name>
	<texturesExport enabled='true' dir='Textures'/>
	<lightmapExport enabled='false' dir='LightMaps'/>
	<sceneBoundingBox min='[-29.88,0,-19.6136]' max='[30.3276,3.24938,17.9595]'/>
	<materials count='1'>
		<m name='01 - Default' type='Standardmaterial'>
			<ambient>[150.0,150.0,150.0,255.0]</ambient>
			<diffuse>[150.0,150.0,150.0,255.0]</diffuse>
			<specular>[229.5,229.5,229.5,255.0]</specular>
			<opacity>100.0</opacity>
			<alphaBlendEnable>false</alphaBlendEnable>
			<bitmap uvTiling='[1.0,1.0]' uvOffset='[0.0,0.0]'>gris.jpg</bitmap>
		</m>
	</materials>
	<meshes count='1' >
		<mesh name='Box001' layer='0' type='Original' matId='0' color='[213.0,154.0,229.0]' visibility='1.0' lightmap=''>
			<boundingBox min='[-29.88,0,-19.6136]' max='[30.3276,3.24938,17.9595]'/>
			<coordinatesIdx count='24'>5 4 0 1 3 7 7 5 1 3 2 6 6 7 3 2 0 4 4 6 2 0 1 5 </coordinatesIdx>
			<textCoordsIdx count='24'>3 2 0 4 5 7 7 6 4 8 9 11 11 10 8 12 13 15 15 14 12 0 1 3 </textCoordsIdx>
			<colorsIdx count='24'>0 0 0 0 0 0 0 0 0 0 0 0 0 0 0 0 0 0 0 0 0 0 0 0 </colorsIdx>
			<matIds count='1'>0</matIds>
			<vertices count='24'>-29.88 0.0 -19.6136 30.3276 0.0 -19.6136 -29.88 0.0 17.9595 30.3276 0.0 17.9595 -29.88 3.24938 -19.6136 30.3276 3.24938 -19.6136 -29.88 3.24938 17.9595 30.3276 3.24938 17.9595 </vertices>
			<normals count='72'>0.0 0.0 -1.0 0.0 0.0 -1.0 0.0 0.0 -1.0 1.0 0.0 0.0 1.0 0.0 0.0 1.0 0.0 0.0 1.0 0.0 0.0 1.0 0.0 0.0 1.0 0.0 0.0 0.0 0.0 1.0 0.0 0.0 1.0 0.0 0.0 1.0 0.0 0.0 1.0 0.0 0.0 1.0 0.0 0.0 1.0 -1.0 0.0 0.0 -1.0 0.0 0.0 -1.0 0.0 0.0 -1.0 0.0 0.0 -1.0 0.0 0.0 -1.0 0.0 0.0 0.0 0.0 -1.0 0.0 0.0 -1.0 0.0 0.0 -1.0 </normals>
			<texCoords count='32'>0.0 1.0 1.0 1.0 0.0 0.0 1.0 0.0 0.0 1.0 1.0 1.0 0.0 0.0 1.0 0.0 0.0 1.0 1.0 1.0 0.0 0.0 1.0 0.0 0.0 1.0 1.0 1.0 0.0 0.0 1.0 0.0 </texCoords>
			<colors count='3'>255 255 255 </colors>
			<tangents count='72'>1.0 0.0 0.0 1.0 0.0 0.0 1.0 0.0 0.0 0.0 0.0 1.0 0.0 0.0 1.0 0.0 0.0 1.0 0.0 0.0 1.0 0.0 0.0 1.0 0.0 0.0 1.0 -1.0 0.0 0.0 -1.0 0.0 0.0 -1.0 0.0 0.0 -1.0 0.0 0.0 -1.0 0.0 0.0 -1.0 0.0 0.0 0.0 0.0 -1.0 0.0 0.0 -1.0 0.0 0.0 -1.0 0.0 0.0 -1.0 0.0 0.0 -1.0 0.0 0.0 -1.0 1.0 0.0 0.0 1.0 0.0 0.0 1.0 0.0 0.0 </tangents>
			<binormals count='72'>0.0 0.0 -1.0 0.0 0.0 -1.0 0.0 0.0 -1.0 0.0 1.0 0.0 0.0 1.0 0.0 0.0 1.0 0.0 0.0 1.0 0.0 0.0 1.0 0.0 0.0 1.0 0.0 0.0 0.0 -1.0 0.0 0.0 -1.0 0.0 0.0 -1.0 0.0 0.0 -1.0 0.0 0.0 -1.0 0.0 0.0 -1.0 0.0 1.0 0.0 0.0 1.0 0.0 0.0 1.0 0.0 0.0 1.0 0.0 0.0 1.0 0.0 0.0 1.0 0.0 0.0 0.0 -1.0 0.0 0.0 -1.0 0.0 0.0 -1.0 </binormals>
		</mesh>
	</meshes>
</tgcScene>
